INDICE,COLOR1,COLOR2,COLOR3,COMBINABLE
NEUTRAL,"(47,79,79)","(169,169,169)","(210,180,140)",0
NEUTRAL,"(47,79,79)","(0,0,0)","(139,69,19)",0
NEUTRAL,"(105,105,105)","(139,69,19)","(245,245,220)",0
NEUTRAL,"(128,128,128)","(105,105,105)","(245,245,220)",1
NEUTRAL,"(47,79,79)","(245,245,220)","(105,105,105)",1
NEUTRAL,"(210,180,140)","(0,0,0)","(245,245,220)",0
NEUTRAL,"(0,0,0)","(105,105,105)","(139,69,19)",0
NEUTRAL,"(128,128,128)","(210,180,140)","(105,105,105)",1
NEUTRAL,"(255,255,255)","(139,69,19)","(169,169,169)",1
NEUTRAL,"(47,79,79)","(245,245,220)","(255,255,255)",1
NEUTRAL,"(139,69,19)","(210,180,140)","(255,255,255)",1
NEUTRAL,"(105,105,105)","(47,79,79)","(255,255,255)",1
NEUTRAL,"(255,255,255)","(245,245,220)","(47,79,79)",1
NEUTRAL,"(255,255,255)","(210,180,140)","(128,128,128)",0
NEUTRAL,"(245,245,220)","(0,0,0)","(47,79,79)",1
NEUTRAL,"(210,180,140)","(105,105,105)","(128,128,128)",0
NEUTRAL,"(169,169,169)","(255,255,255)","(192,192,192)",1
NEUTRAL,"(105,105,105)","(0,0,0)","(255,255,255)",1
NEUTRAL,"(128,128,128)","(139,69,19)","(47,79,79)",1
NEUTRAL,"(47,79,79)","(128,128,128)","(192,192,192)",0
NEUTRAL,"(105,105,105)","(139,69,19)","(192,192,192)",0
NEUTRAL,"(210,180,140)","(47,79,79)","(139,69,19)",1
NEUTRAL,"(192,192,192)","(169,169,169)","(0,0,0)",1
NEUTRAL,"(169,169,169)","(245,245,220)","(47,79,79)",1
NEUTRAL,"(139,69,19)","(210,180,140)","(105,105,105)",0
NEUTRAL,"(169,169,169)","(0,0,0)","(105,105,105)",0
NEUTRAL,"(169,169,169)","(47,79,79)","(192,192,192)",1
NEUTRAL,"(245,245,220)","(105,105,105)","(210,180,140)",1
NEUTRAL,"(255,255,255)","(128,128,128)","(192,192,192)",0
NEUTRAL,"(255,255,255)","(47,79,79)","(210,180,140)",0
NEUTRAL,"(210,180,140)","(128,128,128)","(255,255,255)",0
NEUTRAL,"(245,245,220)","(139,69,19)","(169,169,169)",0
NEUTRAL,"(105,105,105)","(139,69,19)","(255,255,255)",1
NEUTRAL,"(210,180,140)","(255,255,255)","(169,169,169)",1
NEUTRAL,"(255,255,255)","(0,0,0)","(128,128,128)",1
NEUTRAL,"(0,0,0)","(255,255,255)","(139,69,19)",0
NEUTRAL,"(169,169,169)","(245,245,220)","(105,105,105)",0
NEUTRAL,"(128,128,128)","(210,180,140)","(192,192,192)",0
NEUTRAL,"(105,105,105)","(210,180,140)","(245,245,220)",1
NEUTRAL,"(0,0,0)","(139,69,19)","(192,192,192)",1
NEUTRAL,"(139,69,19)","(105,105,105)","(210,180,140)",1
NEUTRAL,"(128,128,128)","(169,169,169)","(192,192,192)",0
NEUTRAL,"(47,79,79)","(139,69,19)","(245,245,220)",0
NEUTRAL,"(192,192,192)","(169,169,169)","(47,79,79)",1
NEUTRAL,"(105,105,105)","(0,0,0)","(169,169,169)",0
NEUTRAL,"(105,105,105)","(169,169,169)","(0,0,0)",1
NEUTRAL,"(255,255,255)","(0,0,0)","(245,245,220)",0
NEUTRAL,"(210,180,140)","(139,69,19)","(0,0,0)",0
NEUTRAL,"(47,79,79)","(105,105,105)","(0,0,0)",1
NEUTRAL,"(128,128,128)","(192,192,192)","(169,169,169)",1
NEUTRAL,"(245,245,220)","(47,79,79)","(139,69,19)",0
NEUTRAL,"(47,79,79)","(255,255,255)","(139,69,19)",0
NEUTRAL,"(255,255,255)","(210,180,140)","(0,0,0)",0
NEUTRAL,"(255,255,255)","(245,245,220)","(192,192,192)",0
NEUTRAL,"(47,79,79)","(255,255,255)","(192,192,192)",1
NEUTRAL,"(0,0,0)","(245,245,220)","(210,180,140)",1
NEUTRAL,"(169,169,169)","(105,105,105)","(192,192,192)",1
NEUTRAL,"(139,69,19)","(192,192,192)","(105,105,105)",1
NEUTRAL,"(47,79,79)","(128,128,128)","(192,192,192)",0
NEUTRAL,"(192,192,192)","(0,0,0)","(245,245,220)",0
NEUTRAL,"(105,105,105)","(210,180,140)","(128,128,128)",0
NEUTRAL,"(169,169,169)","(255,255,255)","(47,79,79)",0
NEUTRAL,"(210,180,140)","(139,69,19)","(0,0,0)",1
NEUTRAL,"(47,79,79)","(139,69,19)","(0,0,0)",0
NEUTRAL,"(192,192,192)","(0,0,0)","(105,105,105)",1
NEUTRAL,"(210,180,140)","(0,0,0)","(255,255,255)",0
NEUTRAL,"(192,192,192)","(169,169,169)","(245,245,220)",0
NEUTRAL,"(255,255,255)","(47,79,79)","(105,105,105)",1
NEUTRAL,"(255,255,255)","(47,79,79)","(105,105,105)",1
NEUTRAL,"(47,79,79)","(245,245,220)","(169,169,169)",0
NEUTRAL,"(169,169,169)","(210,180,140)","(105,105,105)",1
NEUTRAL,"(255,255,255)","(105,105,105)","(169,169,169)",0
NEUTRAL,"(139,69,19)","(0,0,0)","(47,79,79)",0
NEUTRAL,"(255,255,255)","(139,69,19)","(169,169,169)",1
NEUTRAL,"(105,105,105)","(255,255,255)","(0,0,0)",1
NEUTRAL,"(169,169,169)","(128,128,128)","(245,245,220)",1
NEUTRAL,"(192,192,192)","(105,105,105)","(47,79,79)",1
NEUTRAL,"(105,105,105)","(139,69,19)","(47,79,79)",1
NEUTRAL,"(169,169,169)","(105,105,105)","(255,255,255)",1
NEUTRAL,"(139,69,19)","(245,245,220)","(169,169,169)",0
NEUTRAL,"(139,69,19)","(169,169,169)","(47,79,79)",0
NEUTRAL,"(210,180,140)","(47,79,79)","(128,128,128)",1
NEUTRAL,"(139,69,19)","(105,105,105)","(128,128,128)",1
NEUTRAL,"(0,0,0)","(255,255,255)","(105,105,105)",0
NEUTRAL,"(169,169,169)","(0,0,0)","(245,245,220)",0
NEUTRAL,"(192,192,192)","(255,255,255)","(245,245,220)",0
NEUTRAL,"(245,245,220)","(169,169,169)","(192,192,192)",1
NEUTRAL,"(139,69,19)","(105,105,105)","(245,245,220)",1
NEUTRAL,"(0,0,0)","(255,255,255)","(192,192,192)",0
NEUTRAL,"(139,69,19)","(0,0,0)","(245,245,220)",0
NEUTRAL,"(128,128,128)","(0,0,0)","(139,69,19)",0
NEUTRAL,"(105,105,105)","(47,79,79)","(0,0,0)",1
NEUTRAL,"(255,255,255)","(128,128,128)","(105,105,105)",1
NEUTRAL,"(139,69,19)","(105,105,105)","(192,192,192)",0
NEUTRAL,"(192,192,192)","(245,245,220)","(255,255,255)",0
NEUTRAL,"(105,105,105)","(169,169,169)","(255,255,255)",1
NEUTRAL,"(169,169,169)","(0,0,0)","(210,180,140)",1
NEUTRAL,"(255,255,255)","(210,180,140)","(105,105,105)",1
NEUTRAL,"(169,169,169)","(47,79,79)","(105,105,105)",0
NEUTRAL,"(169,169,169)","(0,0,0)","(105,105,105)",1
NEUTRAL,"(255,255,255)","(128,128,128)","(210,180,140)",0
NEUTRAL,"(0,0,0)","(245,245,220)","(169,169,169)",0
NEUTRAL,"(128,128,128)","(105,105,105)","(47,79,79)",0
NEUTRAL,"(192,192,192)","(210,180,140)","(0,0,0)",0
NEUTRAL,"(169,169,169)","(245,245,220)","(105,105,105)",0
NEUTRAL,"(245,245,220)","(128,128,128)","(192,192,192)",0
NEUTRAL,"(210,180,140)","(169,169,169)","(0,0,0)",0
NEUTRAL,"(128,128,128)","(47,79,79)","(210,180,140)",0
NEUTRAL,"(192,192,192)","(0,0,0)","(128,128,128)",0
NEUTRAL,"(169,169,169)","(210,180,140)","(245,245,220)",0
NEUTRAL,"(245,245,220)","(105,105,105)","(192,192,192)",0
NEUTRAL,"(210,180,140)","(128,128,128)","(245,245,220)",0
NEUTRAL,"(128,128,128)","(192,192,192)","(0,0,0)",0
NEUTRAL,"(192,192,192)","(210,180,140)","(47,79,79)",0
NEUTRAL,"(169,169,169)","(128,128,128)","(105,105,105)",0
NEUTRAL,"(245,245,220)","(0,0,0)","(210,180,140)",0
NEUTRAL,"(210,180,140)","(192,192,192)","(128,128,128)",0
NEUTRAL,"(128,128,128)","(169,169,169)","(47,79,79)",0
NEUTRAL,"(192,192,192)","(105,105,105)","(245,245,220)",0
NEUTRAL,"(169,169,169)","(0,0,0)","(192,192,192)",0
NEUTRAL,"(245,245,220)","(128,128,128)","(169,169,169)",0
NEUTRAL,"(255,255,255)","(192,192,192)","(128,128,128)",1
NEUTRAL,"(255,255,255)","(245,245,220)","(210,180,140)",1
NEUTRAL,"(192,192,192)","(169,169,169)","(105,105,105)",1
NEUTRAL,"(169,169,169)","(128,128,128)","(105,105,105)",1
NEUTRAL,"(245,245,220)","(210,180,140)","(192,192,192)",1
NEUTRAL,"(210,180,140)","(169,169,169)","(128,128,128)",1
NEUTRAL,"(128,128,128)","(105,105,105)","(47,79,79)",1
NEUTRAL,"(192,192,192)","(128,128,128)","(0,0,0)",1
NEUTRAL,"(169,169,169)","(192,192,192)","(105,105,105)",1
NEUTRAL,"(245,245,220)","(192,192,192)","(169,169,169)",1
NEUTRAL,"(210,180,140)","(128,128,128)","(192,192,192)",1
NEUTRAL,"(128,128,128)","(169,169,169)","(0,0,0)",1
NEUTRAL,"(192,192,192)","(245,245,220)","(210,180,140)",1
NEUTRAL,"(169,169,169)","(105,105,105)","(0,0,0)",1
NEUTRAL,"(245,245,220)","(128,128,128)","(47,79,79)",1
NEUTRAL,"(210,180,140)","(245,245,220)","(192,192,192)",1
NEUTRAL,"(128,128,128)","(192,192,192)","(105,105,105)",1
NEUTRAL,"(192,192,192)","(210,180,140)","(169,169,169)",1
NEUTRAL,"(169,169,169)","(128,128,128)","(192,192,192)",1
NEUTRAL,"(245,245,220)","(0,0,0)","(47,79,79)",1
NEUTRAL,"(210,180,140)","(105,105,105)","(192,192,192)",1
NEUTRAL,"(128,128,128)","(245,245,220)","(169,169,169)",1
NEUTRAL,"(192,192,192)","(47,79,79)","(210,180,140)",1
NEUTRAL,"(169,169,169)","(192,192,192)","(245,245,220)",1
NEUTRAL,"(245,245,220)","(128,128,128)","(105,105,105)",1
NEUTRAL,"(210,180,140)","(192,192,192)","(128,128,128)",1
NEUTRAL,"(128,128,128)","(210,180,140)","(192,192,192)",1
NEUTRAL,"(192,192,192)","(0,0,0)","(47,79,79)",1
NEUTRAL,"(169,169,169)","(128,128,128)","(245,245,220)",1
NEUTRAL,"(245,245,220)","(192,192,192)","(210,180,140)",1
NEUTRAL,"(210,180,140)","(128,128,128)","(192,192,192)",1
NEUTRAL,"(128,128,128)","(169,169,169)","(47,79,79)",1
NEUTRAL,"(192,192,192)","(245,245,220)","(210,180,140)",1
NEUTRAL,"(169,169,169)","(128,128,128)","(0,0,0)",1
NEUTRAL,"(245,245,220)","(192,192,192)","(128,128,128)",1
NEUTRAL,"(210,180,140)","(245,245,220)","(169,169,169)",1
NEUTRAL,"(128,128,128)","(192,192,192)","(210,180,140)",1
NEUTRAL,"(192,192,192)","(169,169,169)","(245,245,220)",1
NEUTRAL,"(169,169,169)","(128,128,128)","(105,105,105)",1
NEUTRAL,"(245,245,220)","(192,192,192)","(47,79,79)",1
NEUTRAL,"(210,180,140)","(128,128,128)","(0,0,0)",1
NEUTRAL,"(128,128,128)","(192,192,192)","(169,169,169)",1
NEUTRAL,"(192,192,192)","(210,180,140)","(245,245,220)",1
NEUTRAL,"(169,169,169)","(105,105,105)","(128,128,128)",1
NEUTRAL,"(245,245,220)","(0,0,0)","(192,192,192)",1
NEUTRAL,"(210,180,140)","(128,128,128)","(169,169,169)",1
NEUTRAL,"(128,128,128)","(47,79,79)","(210,180,140)",1
TRIADICA,"(255,0,0)","(0,255,0)","(0,0,255)",1
TRIADICA,"(255,165,0)","(0,255,0)","(0,0,255)",1
TRIADICA,"(255,69,0)","(154,205,50)","(75,0,130)",1
TRIADICA,"(219,112,147)","(144,238,144)","(0,0,128)",1
TRIADICA,"(240,230,140)","(0,255,127)","(0,0,128)",1
TRIADICA,"(255,105,180)","(152,251,152)","(139,0,139)",1
TRIADICA,"(255,215,0)","(34,139,34)","(255,69,0)",1
TRIADICA,"(245,222,179)","(0,128,128)","(0,0,128)",1
TRIADICA,"(255,20,147)","(144,238,144)","(75,0,130)",1
TRIADICA,"(255,99,71)","(152,251,152)","(138,43,226)",1
TRIADICA,"(255,140,0)","(0,255,255)","(128,0,128)",1
TRIADICA,"(255,69,0)","(173,255,47)","(138,43,226)",1
TRIADICA,"(255,105,180)","(50,205,50)","(0,0,205)",1
TRIADICA,"(255,182,193)","(173,255,47)","(138,43,226)",1
TRIADICA,"(255,160,122)","(152,251,152)","(75,0,130)",1
TRIADICA,"(255,20,147)","(124,252,0)","(128,0,128)",1
TRIADICA,"(255,69,0)","(144,238,144)","(0,0,139)",1
TRiADICA,"(255,215,0)","(34,139,34)","(70,130,180)",1
TRIADICA,"(255,165,0)","(0,255,0)","(0,0,255)",1
TRIADICA,"(255,105,180)","(152,251,152)","(75,0,130)",1
TRIADICA,"(255,69,0)","(124,252,0)","(138,43,226)",1
TRIADICA,"(255,140,0)","(50,205,50)","(139,0,139)",1
TRIADICA,"(255,99,71)","(173,255,47)","(0,0,139)",1
TRIADICA,"(255,215,0)","(0,255,0)","(75,0,130)",1
TRIADICA,"(255,69,0)","(152,251,152)","(0,0,205)",1
TRIADICA,"(255,160,122)","(173,255,47)","(139,0,139)",1
TRIADICA,"(255,20,147)","(124,252,0)","(0,0,128)",1
TRIADICA,"(255,69,0)","(50,205,50)","(138,43,226)",1
TRIADICA,"(255,215,0)","(34,139,34)","(70,130,180)",1
TRIADICA,"(255,99,71)","(173,255,47)","(139,0,139)",1
TRIADICA,"(255,140,0)","(144,238,144)","(0,0,205)",1
TRIADICA,"(255,69,0)","(152,251,152)","(75,0,130)",1
TRIADICA,"(255,105,180)","(50,205,50)","(0,0,128)",1
TRIADICA,"(255,160,122)","(173,255,47)","(138,43,226)",1
TRIADICA,"(255,20,147)","(124,252,0)","(75,0,130)",1
TRIADICA,"(255,215,0)","(34,139,34)","(0,0,139)",1
TRIADICA,"(255,140,0)","(50,205,50)","(138,43,226)",1
TRIADICA,"(255,99,71)","(152,251,152)","(75,0,130)",1
TRIADICA,"(255,69,0)","(173,255,47)","(0,0,139)",1
TRIADICA,"(255,105,180)","(124,252,0)","(139,0,139)",1
TRIADICA,"(255,215,0)","(34,139,34)","(0,0,205)",1
TRIADICA,"(255,69,0)","(144,238,144)","(70,130,180)",1
TRIADICA,"(255,140,0)","(50,205,50)","(0,0,128)",1
TRIADICA,"(255,20,147)","(152,251,152)","(0,0,139)",1
TRIADICA,"(255,99,71)","(173,255,47)","(75,0,130)",1
TRIADICA,"(255,69,0)","(124,252,0)","(138,43,226)",1
TRIADICA,"(255,160,122)","(50,205,50)","(139,0,139)",1
TRIADICA,"(255,105,180)","(144,238,144)","(70,130,180)",1
TRIADICA,"(255,69,0)","(152,251,152)","(0,0,128)",1
TRIADICA,"(255,215,0)","(173,255,47)","(75,0,130)",1
TRIADICA,"(39,74,169)","(242,141,196)","(223,241,8)",0
TRIADICA,"(194,141,89)","(79,117,77)","(70,82,108)",0
TRIADICA,"(118,219,244)","(196,177,67)","(45,235,140)",0
TRIADICA,"(35,127,236)","(147,71,157)","(26,2,197)",0
TRIADICA,"(31,107,114)","(23,64,147)","(9,208,187)",0
TRIADICA,"(157,172,179)","(167,129,85)","(146,4,226)",0
TRIADICA,"(97,52,97)","(81,229,213)","(217,207,112)",0
TRIADICA,"(237,184,20)","(101,28,93)","(221,6,253)",0
TRIADICA,"(80,228,119)","(200,166,41)","(200,36,119)",0
TRIADICA,"(192,224,120)","(56,41,210)","(56,181,106)",0
TRIADICA,"(88,251,244)","(208,21,241)","(208,197,140)",0
TRIADICA,"(236,148,42)","(100,123,52)","(100,137,3)",0
TRIADICA,"(84,43,254)","(68,215,2)","(204,244,25)",0
TRIADICA,"(196,160,141)","(180,160,129)","(60,158,179)",0
TRIADICA,"(56,137,23)","(176,83,253)","(40,149,87)",0
TRIADICA,"(85,121,170)","(69,194,89)","(69,207,236)",0
TRIADICA,"(39,135,56)","(23,241,28)","(23,245,105)",0
TRIADICA,"(181,186,78)","(165,82,44)","(165,102,209)",0
TRIADICA,"(10,220,113)","(130,29,246)","(250,175,76)",0
TRIADICA,"(108,72,33)","(228,171,227)","(228,155,35)",0
TRIADICA,"(60,112,109)","(44,215,126)","(180,197,97)",0
TRIADICA,"(50,118,184)","(170,111,164)","(170,58,245)",0
TRIADICA,"(202,72,106)","(186,245,244)","(186,36,154)",0
TRIADICA,"(145,206,110)","(9,30,75)","(129,226,201)",0
TRIADICA,"(159,209,67)","(143,200,229)","(23,240,17)",0
TRIADICA,"(174,218,22)","(158,43,39)","(158,180,75)",0
TRIADICA,"(18,125,6)","(2,200,151)","(2,78,196)",0
TRIADICA,"(62,103,148)","(182,171,217)","(46,32,12)",0
TRIADICA,"(84,153,141)","(68,24,165)","(204,140,241)",0
TRIADICA,"(158,131,159)","(142,190,213)","(22,253,205)",0
TRIADICA,"(161,204,185)","(25,57,71)","(145,194,3)",0
TRIADICA,"(108,175,29)","(92,106,228)","(228,65,163)",0
TRIADICA,"(246,152,96)","(230,56,31)","(110,212,28)",0
TRIADICA,"(27,83,146)","(147,206,23)","(11,151,206)",0
TRIADICA,"(58,207,159)","(178,148,246)","(42,33,135)",0
TRIADICA,"(188,191,211)","(52,174,116)","(172,32,219)",0
TRIADICA,"(205,94,150)","(189,161,60)","(69,178,85)",0
TRIADICA,"(92,158,53)","(76,38,109)","(212,247,150)",0
TRIADICA,"(171,43,100)","(35,7,98)","(35,168,115)",0
TRIADICA,"(34,31,233)","(18,229,91)","(154,5,63)",0
TRIADICA,"(90,45,144)","(74,147,255)","(210,209,50)",0
TRIADICA,"(150,67,246)","(14,31,234)","(134,101,179)",0
TRIADICA,"(102,197,30)","(86,61,87)","(222,206,224)",0
TRIADICA,"(170,223,237)","(154,32,248)","(34,249,29)",0
TRIADICA,"(227,18,171)","(211,176,75)","(211,67,101)",0
TRIADICA,"(52,239,195)","(172,163,229)","(172,139,187)",0
TRIADICA,"(205,116,107)","(69,200,204)","(69,180,120)",0
TRIADICA,"(81,41,15)","(65,181,164)","(65,74,160)",0
TRIADICA,"(202,161,29)","(66,99,62)","(66,31,29)",0
TRIADICA,"(10,94,124)","(130,90,165)","(250,65,234)",0
TRIADICA,"(237,55,41)","(101,182,98)","(221,195,181)",0
TRIADICA,"(24,89,129)","(8,239,218)","(8,219,156)",0
TRIADICA,"(83,207,63)","(67,193,116)","(203,60,223)",0
TRIADICA,"(87,14,105)","(207,85,71)","(71,150,27)",0
TRIADICA,"(92,35,168)","(76,39,94)","(212,17,214)",0
TRIADICA,"(95,122,76)","(79,202,85)","(79,109,38)",0
TRIADICA,"(223,221,153)","(207,72,160)","(87,11,174)",0
TRIADICA,"(18,88,255)","(138,248,63)","(138,184,247)",0
TRIADICA,"(248,33,60)","(232,166,36)","(232,216,244)",0
TRIADICA,"(81,218,173)","(65,109,218)","(65,115,120)",0
TRIADICA,"(111,111,48)","(231,176,219)","(95,3,224)",0
TRIADICA,"(103,137,217)","(223,226,35)","(223,60,253)",0
TRIADICA,"(212,205,141)","(76,154,215)","(196,147,71)",0
TRIADICA,"(135,7,131)","(255,22,251)","(255,157,247)",0
TRIADICA,"(192,93,239)","(56,104,97)","(56,181,197)",0
TRIADICA,"(239,253,100)","(103,111,253)","(103,43,209)",0
TRIADICA,"(202,129,144)","(186,65,194)","(66,37,51)",0
TRIADICA,"(44,216,118)","(28,37,176)","(164,248,31)",0
TRIADICA,"(11,161,25)","(251,156,137)","(251,177,220)",0
TRIADICA,"(54,144,56)","(38,76,46)","(38,46,102)",0
TRIADICA,"(240,33,18)","(224,113,7)","(104,152,81)",0
TRIADICA,"(51,13,250)","(171,56,212)","(35,100,73)",0
TRIADICA,"(137,244,85)","(121,161,246)","(121,119,224)",0
TRIADICA,"(126,57,138)","(246,93,165)","(246,159,165)",0
TRIADICA,"(64,200,41)","(184,71,25)","(48,55,79)",0
TRIADICA,"(84,0,39)","(68,109,158)","(204,20,111)",0
TRIADICA,"(119,161,188)","(239,15,162)","(103,121,98)",0
TRIADICA,"(203,122,117)","(187,223,108)","(187,210,1)",0
TRIADICA,"(89,159,214)","(209,27,0)","(73,117,120)",0
TRIADICA,"(106,219,65)","(226,108,148)","(90,186,70)",0
TRIADICA,"(37,80,80)","(157,32,222)","(21,203,137)",0
TRIADICA,"(148,65,45)","(12,19,144)","(12,159,72)",0
TRIADICA,"(203,64,71)","(67,103,228)","(67,98,84)",0
TRIADICA,"(89,132,9)","(209,35,248)","(209,189,5)",0
TRIADICA,"(173,250,7)","(37,206,239)","(157,148,121)",0
TRIADICA,"(37,194,186)","(157,74,103)","(21,167,76)",0
TRIADICA,"(29,139,56)","(13,206,44)","(13,213,195)",0
TRIADICA,"(82,174,181)","(66,12,69)","(66,16,36)",0
TRIADICA,"(158,125,88)","(22,13,197)","(142,212,228)",0
TRIADICA,"(188,120,144)","(52,174,15)","(172,71,211)",0
TRIADICA,"(248,71,205)","(112,11,213)","(112,23,97)",0
TRIADICA,"(98,171,6)","(218,50,135)","(218,8,240)",0
TRIADICA,"(203,132,128)","(67,121,17)","(67,32,46)",0
TRIADICA,"(114,66,148)","(98,197,162)","(234,166,98)",0
TRIADICA,"(13,145,67)","(253,48,99)","(133,185,64)",0
TRIADICA,"(59,112,41)","(43,226,232)","(43,47,61)",0
TRIADICA,"(160,240,111)","(24,193,36)","(24,218,137)",0
TRIADICA,"(68,8,194)","(52,218,119)","(52,142,91)",0
TRIADICA,"(13,223,114)","(253,228,99)","(253,136,28)",0
TRIADICA,"(2,65,75)","(122,161,55)","(122,81,0)",0
TRIADICA,"(211,90,198)","(75,92,22)","(75,1,154)",0
TRIADICA,"(40,129,233)","(160,69,85)","(160,190,4)",0
TRIADICA,"(31,70,202)","(15,149,159)","(151,19,114)",0
TRIADICA,"(28,204,41)","(148,179,156)","(12,240,41)",0
TRIADICA,"(225,193,170)","(209,155,226)","(89,133,56)",0
TRIADICA,"(157,187,69)","(141,34,62)","(141,146,11)",0
TRIADICA,"(249,230,229)","(113,110,72)","(233,217,176)",0
TRIADICA,"(35,56,155)","(155,118,101)","(19,8,5)",0
TRIADICA,"(112,42,183)","(232,165,75)","(96,39,132)",0
TRIADICA,"(18,50,225)","(2,145,163)","(2,165,165)",0
ANALOGAS,"(255,0,0)","(255,69,0)","(255,140,0)",1
ANALOGAS,"(255,165,0)","(255,215,0)","(255,255,0)",1
ANALOGAS,"(0,255,0)","(127,255,0)","(0,255,127)",1
ANALOGAS,"(0,0,255)","(0,0,205)","(0,0,139)",1
ANALOGAS,"(255,0,255)","(255,20,147)","(255,105,180)",1
ANALOGAS,"(75,0,130)","(72,61,139)","(106,90,205)",1
ANALOGAS,"(138,43,226)","(147,112,219)","(186,85,211)",1
ANALOGAS,"(220,20,60)","(255,0,0)","(255,69,0)",1
ANALOGAS,"(0,128,128)","(0,139,139)","(0,255,255)",1
ANALOGAS,"(128,0,128)","(147,112,219)","(186,85,211)",1
ANALOGAS,"(255,69,0)","(255,99,71)","(255,127,80)",1
ANALOGAS,"(255,140,0)","(255,165,0)","(255,215,0)",1
ANALOGAS,"(34,139,34)","(0,128,0)","(0,100,0)",1
ANALOGAS,"(0,255,255)","(0,206,209)","(0,139,139)",1
ANALOGAS,"(255,20,147)","(255,105,180)","(255,182,193)",1
ANALOGAS,"(123,104,238)","(106,90,205)","(72,61,139)",1
ANALOGAS,"(186,85,211)","(147,112,219)","(138,43,226)",1
ANALOGAS,"(255,0,0)","(220,20,60)","(255,69,0)",1
ANALOGAS,"(0,255,255)","(0,128,128)","(0,206,209)",1
ANALOGAS,"(128,0,128)","(147,112,219)","(138,43,226)",1
ANALOGAS,"(255,99,71)","(255,69,0)","(255,127,80)",1
ANALOGAS,"(255,215,0)","(255,165,0)","(255,140,0)",1
ANALOGAS,"(0,100,0)","(34,139,34)","(0,128,0)",1
ANALOGAS,"(0,206,209)","(0,139,139)","(0,255,255)",1
ANALOGAS,"(255,105,180)","(255,20,147)","(255,182,193)",1
ANALOGAS,"(106,90,205)","(123,104,238)","(72,61,139)",1
ANALOGAS,"(147,112,219)","(186,85,211)","(138,43,226)",1
ANALOGAS,"(255,0,0)","(220,20,60)","(255,69,0)",1
ANALOGAS,"(0,128,128)","(0,139,139)","(0,206,209)",1
ANALOGAS,"(128,0,128)","(147,112,219)","(138,43,226)",1
ANALOGAS,"(255,69,0)","(255,99,71)","(255,127,80)",1
ANALOGAS,"(255,140,0)","(255,165,0)","(255,215,0)",1
ANALOGAS,"(34,139,34)","(0,128,0)","(0,100,0)",1
ANALOGAS,"(0,255,255)","(0,206,209)","(0,139,139)",1
ANALOGAS,"(255,20,147)","(255,105,180)","(255,182,193)",1
ANALOGAS,"(123,104,238)","(106,90,205)","(72,61,139)",1
ANALOGAS,"(186,85,211)","(147,112,219)","(138,43,226)",1
ANALOGAS,"(255,0,0)","(220,20,60)","(255,69,0)",1
ANALOGAS,"(0,255,255)","(0,128,128)","(0,206,209)",1
ANALOGAS,"(128,0,128)","(147,112,219)","(138,43,226)",1
ANALOGAS,"(255,99,71)","(255,69,0)","(255,127,80)",1
ANALOGAS,"(255,215,0)","(255,165,0)","(255,140,0)",1
ANALOGAS,"(0,100,0)","(34,139,34)","(0,128,0)",1
ANALOGAS,"(0,206,209)","(0,139,139)","(0,255,255)",1
ANALOGAS,"(255,105,180)","(255,20,147)","(255,182,193)",1
ANALOGAS,"(106,90,205)","(123,104,238)","(72,61,139)",1
ANALOGAS,"(147,112,219)","(186,85,211)","(138,43,226)",1
ANALOGAS,"(255,0,0)","(220,20,60)","(255,69,0)",1
ANALOGAS,"(0,128,128)","(0,139,139)","(0,206,209)",1
ANALOGAS,"(173,227,22)","(117,38,211)","(6,79,142)",0
ANALOGAS,"(133,178,216)","(10,193,199)","(0,113,19)",0
ANALOGAS,"(240,95,174)","(219,113,58)","(157,66,6)",0
ANALOGAS,"(255,140,0)","(255,165,0)","(255,192,0)",1
ANALOGAS,"(10,114,186)","(174,133,18)","(125,81,28)",1
ANALOGAS,"(135,206,250)","(0,127,255)","(0,192,128)",1
ANALOGAS,"(255,255,255)","(220,220,220)","(80,80,80)",1
ANALOGAS,"(255,125,150)","(230,190,255)","(128,177,101)",1
ANALOGAS,"(224,230,248)","(82,164,118)","(189,139,222)",0
ANALOGAS,"(182,179,184)","(91,58,177)","(213,142,116)",0
ANALOGAS,"(132,134,102)","(226,193,240)","(47,37,135)",0
COMPLEMENTARIO,"(34,243,156)","(119,171,38)","(234,183,246)",0
COMPLEMENTARIO,"(63,255,221)","(102,140,49)","(49,83,30)",0
COMPLEMENTARIO,"(182,205,22)","(15,78,55)","(200,174,131)",0
COMPLEMENTARIO,"(0,33,71)","(205,133,63)","(153,255,34)",1
COMPLEMENTARIO,"(255,231,238)","(34,139,34)","(137,209,255)",1
COMPLEMENTARIO,"(0,0,255)","(242,232,0)","(226,0,0)",0
COMPLEMENTARIO,"(16,14,255)","(253,239,8)","(18,226,0)",0
COMPLEMENTARIO,"(249,0,3)","(3,240,255)","(32,0,245)",0
COMPLEMENTARIO,"(0,255,33)","(224,0,249)","(255,0,21)",0
COMPLEMENTARIO,"(19,0,255)","(255,221,22)","(232,11,10)",0
COMPLEMENTARIO,"(252,0,0)","(0,229,243)","(255,18,0)",1
COMPLEMENTARIO,"(0,36,255)","(255,255,31)","(255,0,11)",1
COMPLEMENTARIO,"(0,255,29)","(218,0,230)","(255,0,3)",1
COMPLEMENTARIO,"(255,10,0)","(39,233,255)","(232,0,0)",1
COMPLEMENTARIO,"(0,0,226)","(233,243,40)","(0,255,33)",1
COMPLEMENTARIO,"(0,27,249)","(255,255,0)","(29,255,0)",1
COMPLEMENTARIO,"(40,252,0)","(239,0,237)","(0,245,0)",1
COMPLEMENTARIO,"(255,9,19)","(8,217,255)","(22,0,255)",1
COMPLEMENTARIO,"(21,255,27)","(255,1,248)","(0,12,255)",0
COMPLEMENTARIO,"(1,231,0)","(255,0,255)","(38,12,219)",0
COMPLEMENTARIO,"(0,2,255)","(218,255,0)","(5,255,15)",1
COMPLEMENTARIO,"(2,255,7)","(222,40,239)","(0,255,0)",1
COMPLEMENTARIO,"(0,12,255)","(227,255,0)","(21,251,7)",1
COMPLEMENTARIO,"(0,255,0)","(255,0,255)","(228,0,0)",1
COMPLEMENTARIO,"(255,15,0)","(7,234,220)","(37,0,255)",0
COMPLEMENTARIO,"(4,255,22)","(255,9,255)","(20,18,232)",0
COMPLEMENTARIO,"(0,234,0)","(241,0,255)","(255,0,0)",1
COMPLEMENTARIO,"(0,240,21)","(222,25,255)","(0,0,239)",1
COMPLEMENTARIO,"(27,255,0)","(255,34,255)","(35,0,236)",0
COMPLEMENTARIO,"(0,255,0)","(255,0,230)","(255,0,25)",1
COMPLEMENTARIO,"(235,30,14)","(25,255,255)","(0,2,217)",0
COMPLEMENTARIO,"(0,25,255)","(255,255,18)","(215,0,1)",1
COMPLEMENTARIO,"(216,0,6)","(0,237,221)","(255,15,0)",1
COMPLEMENTARIO,"(255,33,26)","(0,255,255)","(26,0,244)",0
COMPLEMENTARIO,"(0,2,255)","(230,249,6)","(255,0,0)",1
COMPLEMENTARIO,"(0,255,9)","(255,0,255)","(255,0,0)",0
COMPLEMENTARIO,"(243,0,15)","(38,217,217)","(19,0,255)",1
COMPLEMENTARIO,"(255,33,0)","(6,255,234)","(12,18,255)",0
COMPLEMENTARIO,"(242,6,12)","(0,234,216)","(255,35,9)",1
COMPLEMENTARIO,"(33,2,223)","(255,235,0)","(4,0,255)",0
COMPLEMENTARIO,"(0,0,231)","(237,255,39)","(255,25,34)",1
COMPLEMENTARIO,"(13,255,0)","(255,0,255)","(0,237,18)",0
COMPLEMENTARIO,"(21,0,255)","(223,255,36)","(26,40,255)",0
COMPLEMENTARIO,"(255,0,21)","(20,247,252)","(255,13,0)",0
COMPLEMENTARIO,"(227,0,18)","(0,255,255)","(255,0,0)",1
COMPLEMENTARIO,"(37,255,0)","(245,0,255)","(0,0,255)",0
COMPLEMENTARIO,"(0,0,255)","(245,225,4)","(13,255,33)",0
COMPLEMENTARIO,"(0,240,0)","(255,23,253)","(39,255,0)",0
COMPLEMENTARIO,"(34,0,255)","(232,255,0)","(240,15,28)",1
COMPLEMENTARIO,"(6,255,25)","(255,0,246)","(0,0,255)",0
COMPLEMENTARIO,"(255,2,0)","(0,236,241)","(35,29,224)",0
COMPLEMENTARIO,"(220,0,15)","(1,237,235)","(255,0,0)",1
COMPLEMENTARIO,"(230,24,0)","(15,255,232)","(0,30,253)",0
COMPLEMENTARIO,"(0,255,11)","(234,22,255)","(33,0,233)",0
COMPLEMENTARIO,"(16,0,255)","(215,255,31)","(255,2,11)",1
MONOCROMATICA,"(23,50,16)","(47,2,54)","(141,193,206)",0
MONOCROMATICA,"(72,178,102)","(138,227,149)","(176,63,145)",0
MONOCROMATICA,"(161,194,194)","(235,186,241)","(237,84,154)",0
MONOCROMATICA,"(86,96,103)","(100,112,125)","(63,117,147)",1
MONOCROMATICA,"(161,7,115)","(194,23,106)","(193,16,110)",1
MONOCROMATICA,"(255,84,72)","(215,47,32)","(255,92,96)",1
MONOCROMATICA,"(255,67,239)","(255,74,255)","(204,40,255)",0
MONOCROMATICA,"(193,130,197)","(168,114,208)","(161,125,187)",0
MONOCROMATICA,"(34,145,222)","(38,154,235)","(55,120,194)",0
MONOCROMATICA,"(219,150,101)","(247,141,73)","(205,170,34)",0
MONOCROMATICA,"(7,121,189)","(0,136,183)","(0,89,182)",0
MONOCROMATICA,"(114,180,103)","(143,131,92)","(121,187,69)",1
MONOCROMATICA,"(114,201,247)","(130,216,195)","(129,250,175)",0
MONOCROMATICA,"(74,93,255)","(66,120,226)","(73,122,210)",1
MONOCROMATICA,"(220,163,160)","(221,139,178)","(196,136,189)",0
MONOCROMATICA,"(63,39,47)","(128,0,76)","(67,0,40)",0
MONOCROMATICA,"(252,72,195)","(247,100,215)","(255,91,186)",0
MONOCROMATICA,"(146,147,42)","(144,146,48)","(116,125,89)",0
MONOCROMATICA,"(0,255,207)","(38,203,184)","(22,215,197)",1
MONOCROMATICA,"(206,60,149)","(206,36,142)","(227,27,202)",1
MONOCROMATICA,"(14,31,118)","(3,61,116)","(6,11,135)",1
MONOCROMATICA,"(71,131,132)","(42,64,159)","(95,134,150)",0
MONOCROMATICA,"(250,56,170)","(248,37,164)","(231,7,151)",1
MONOCROMATICA,"(237,154,220)","(244,209,189)","(248,175,215)",0
MONOCROMATICA,"(136,112,228)","(125,84,226)","(77,88,221)",1
MONOCROMATICA,"(175,0,46)","(170,43,88)","(187,19,73)",1
MONOCROMATICA,"(0,0,140)","(0,11,184)","(5,33,124)",1
MONOCROMATICA,"(169,150,63)","(198,86,70)","(165,98,110)",1
MONOCROMATICA,"(40,7,255)","(48,0,232)","(21,0,218)",0
MONOCROMATICA,"(68,182,118)","(100,167,65)","(57,184,99)",1
MONOCROMATICA,"(231,64,72)","(189,121,10)","(245,87,38)",0
MONOCROMATICA,"(188,128,90)","(165,123,100)","(188,123,139)",1
MONOCROMATICA,"(30,153,30)","(56,112,0)","(40,93,0)",0
MONOCROMATICA,"(230,144,0)","(204,181,38)","(241,108,0)",1
MONOCROMATICA,"(161,255,178)","(139,255,151)","(193,231,163)",0
MONOCROMATICA,"(16,132,24)","(49,179,57)","(33,198,60)",1
MONOCROMATICA,"(131,152,142)","(138,177,157)","(168,214,205)",1
MONOCROMATICA,"(101,221,156)","(102,255,180)","(104,211,171)",1
MONOCROMATICA,"(241,134,72)","(247,116,16)","(255,139,11)",1
MONOCROMATICA,"(27,37,191)","(34,0,188)","(41,39,221)",1
MONOCROMATICA,"(174,155,158)","(97,110,205)","(112,163,137)",1
MONOCROMATICA,"(45,82,69)","(0,79,76)","(6,42,34)",1
MONOCROMATICA,"(154,0,255)","(141,45,233)","(136,10,239)",1
MONOCROMATICA,"(170,117,6)","(154,126,13)","(170,156,73)",0
MONOCROMATICA,"(72,57,71)","(116,23,37)","(115,0,91)",1
MONOCROMATICA,"(75,54,105)","(93,85,90)","(47,47,50)",1
MONOCROMATICA,"(115,168,92)","(58,179,126)","(69,157,118)",1
MONOCROMATICA,"(111,0,95)","(153,0,95)","(85,37,165)",0
MONOCROMATICA,"(219,101,166)","(255,95,177)","(246,144,188)",1
MONOCROMATICA,"(221,11,124)","(211,4,114)","(208,34,142)",0
MONOCROMATICA,"(132,227,163)","(109,233,169)","(139,191,185)",0
MONOCROMATICA,"(138,177,148)","(158,176,165)","(114,218,157)",1
MONOCROMATICA,"(158,245,241)","(183,254,223)","(119,217,237)",1
MONOCROMATICA,"(43,143,203)","(57,102,152)","(99,98,203)",0
MONOCROMATICA,"(234,225,10)","(195,171,18)","(187,149,59)",1
MONOCROMATICA,"(200,188,130)","(192,185,121)","(159,124,101)",1
MONOCROMATICA,"(194,81,83)","(149,41,103)","(144,80,59)",0
MONOCROMATICA,"(216,133,255)","(196,116,255)","(233,129,255)",0
MONOCROMATICA,"(154,182,124)","(154,222,179)","(167,235,109)",0
MONOCROMATICA,"(199,255,90)","(149,196,70)","(152,237,38)",1
MONOCROMATICA,"(164,223,186)","(84,229,204)","(93,234,230)",0
MONOCROMATICA,"(228,137,36)","(236,132,47)","(255,134,103)",0
MONOCROMATICA,"(15,64,0)","(61,28,24)","(35,42,0)",0
MONOCROMATICA,"(0,165,238)","(59,184,163)","(9,191,230)",1
MONOCROMATICA,"(83,155,209)","(107,155,250)","(102,110,235)",0
MONOCROMATICA,"(36,0,0)","(32,16,6)","(76,0,26)",1
MONOCROMATICA,"(108,136,43)","(94,98,54)","(120,124,45)",0
MONOCROMATICA,"(183,249,120)","(238,200,116)","(231,227,134)",0
MONOCROMATICA,"(13,32,22)","(29,7,35)","(22,17,13)",0
MONOCROMATICA,"(255,84,251)","(224,28,255)","(255,69,219)",1
MONOCROMATICA,"(47,255,59)","(80,255,108)","(13,220,77)",1
MONOCROMATICA,"(36,198,101)","(65,171,112)","(69,194,50)",1
MONOCROMATICA,"(2,101,150)","(65,127,101)","(42,104,117)",0
MONOCROMATICA,"(89,214,140)","(74,223,150)","(82,217,148)",1
MONOCROMATICA,"(220,182,95)","(233,166,89)","(247,177,21)",1
MONOCROMATICA,"(129,77,115)","(135,67,163)","(161,30,145)",1
MONOCROMATICA,"(212,95,45)","(218,45,22)","(215,91,0)",0
MONOCROMATICA,"(75,63,12)","(42,91,13)","(87,103,36)",0
MONOCROMATICA,"(255,247,226)","(249,250,255)","(244,234,225)",0
MONOCROMATICA,"(74,150,58)","(88,188,82)","(53,164,78)",0
MONOCROMATICA,"(96,125,137)","(103,121,116)","(140,72,178)",0
MONOCROMATICA,"(213,18,69)","(193,0,119)","(197,56,90)",0
MONOCROMATICA,"(231,75,229)","(255,104,255)","(250,35,233)",1
MONOCROMATICA,"(248,71,81)","(226,53,74)","(255,37,55)",0
MONOCROMATICA,"(0,127,188)","(31,73,179)","(46,95,178)",1
MONOCROMATICA,"(171,161,55)","(130,226,42)","(121,171,84)",0
MONOCROMATICA,"(123,247,125)","(174,201,111)","(161,245,153)",0
MONOCROMATICA,"(47,85,82)","(72,95,67)","(79,130,37)",0
MONOCROMATICA,"(240,151,136)","(179,164,138)","(190,190,91)",1
MONOCROMATICA,"(255,143,228)","(196,142,201)","(202,159,255)",0
MONOCROMATICA,"(59,72,213)","(7,50,228)","(50,71,237)",1
MONOCROMATICA,"(133,175,200)","(116,114,175)","(145,145,142)",1
MONOCROMATICA,"(199,81,119)","(247,33,120)","(255,51,113)",1
MONOCROMATICA,"(52,195,121)","(103,255,158)","(47,255,112)",0
MONOCROMATICA,"(208,120,81)","(208,167,54)","(182,152,32)",0
MONOCROMATICA,"(146,255,62)","(151,255,52)","(149,255,113)",0
MONOCROMATICA,"(194,124,73)","(174,165,69)","(128,111,41)",1
MONOCROMATICA,"(145,171,220)","(211,129,235)","(189,182,188)",0
MONOCROMATICA,"(156,105,210)","(122,150,209)","(116,128,227)",0
MONOCROMATICA,"(152,126,13)","(193,85,28)","(146,118,29)",0
MONOCROMATICA,"(172,247,81)","(191,232,45)","(216,199,40)",0
MONOCROMATICA,"(131,190,155)","(118,186,135)","(150,147,186)",0
MONOCROMATICA,"(179,22,198)","(190,96,234)","(168,57,241)",1
TETRADICA,"(96,125,139)","(159,130,116)","(216,36,55)",0
TETRADICA,"(9,238,136)","(246,17,119)","(129,228,220)",0
TETRADICA,"(233,92,26)","(22,163,229)","(97,165,219)",0
TETRADICA,"(182,153,118)","(73,102,137)","(46,84,215)",0
TETRADICA,"(136,10,76)","(119,245,179)","(0,35,244)",0
TETRADICA,"(61,192,111)","(194,63,144)","(181,138,6)",0
TETRADICA,"(232,172,223)","(23,83,32)","(96,129,199)",0
TETRADICA,"(170,242,197)","(85,13,58)","(34,66,179)",0
TETRADICA,"(97,3,185)","(158,252,70)","(217,146,228)",0
TETRADICA,"(3,228,131)","(252,27,124)","(123,39,198)",0
TETRADICA,"(241,170,96)","(14,85,159)","(105,13,83)",0
TETRADICA,"(189,241,53)","(66,14,202)","(53,250,99)",0
TETRADICA,"(219,218,151)","(36,37,104)","(83,35,39)",0
TETRADICA,"(149,63,240)","(106,192,15)","(13,205,237)",0
TETRADICA,"(57,163,254)","(198,92,1)","(177,191,169)",0
TETRADICA,"(18,71,116)","(237,184,139)","(138,122,247)",0
TETRADICA,"(25,200,217)","(230,55,38)","(145,141,55)",0
TETRADICA,"(7,72,147)","(248,183,108)","(127,189,158)",0
TETRADICA,"(196,253,198)","(59,2,57)","(60,240,35)",0
TETRADICA,"(102,123,136)","(153,132,119)","(222,1,51)",0
TETRADICA,"(73,92,188)","(182,163,67)","(193,90,247)",0
TETRADICA,"(174,39,202)","(81,216,53)","(38,153,122)",0
TETRADICA,"(18,62,238)","(237,193,17)","(138,225,182)",0
TETRADICA,"(130,183,52)","(125,72,203)","(250,207,35)",0
TETRADICA,"(131,12,195)","(124,243,60)","(251,43,47)",0
TETRADICA,"(130,238,115)","(125,17,140)","(250,22,102)",0
TETRADICA,"(211,104,99)","(44,151,156)","(75,125,50)",0
TETRADICA,"(220,148,190)","(35,107,65)","(84,65,62)",0
TETRADICA,"(11,26,48)","(244,229,207)","(131,182,115)",0
TETRADICA,"(244,114,197)","(11,141,58)","(108,187,106)",0
TETRADICA,"(242,250,37)","(13,5,218)","(106,91,6)",0
TETRADICA,"(15,210,169)","(240,45,86)","(135,252,181)",0
TETRADICA,"(130,140,33)","(125,115,222)","(250,62,138)",0
TETRADICA,"(61,169,134)","(194,86,121)","(181,240,206)",0
TETRADICA,"(41,213,65)","(214,42,190)","(161,15,204)",0
TETRADICA,"(141,131,202)","(114,124,53)","(5,75,112)",0
TETRADICA,"(5,174,138)","(250,81,117)","(125,53,66)",0
TETRADICA,"(90,107,2)","(165,148,253)","(210,52,42)",0
TETRADICA,"(158,218,229)","(97,37,26)","(22,213,19)",0
TETRADICA,"(166,82,196)","(89,173,59)","(30,47,74)",0
TETRADICA,"(8,236,104)","(247,19,151)","(128,15,2)",0
TETRADICA,"(61,141,180)","(194,114,75)","(181,6,203)",0
TETRADICA,"(178,168,247)","(77,87,8)","(42,177,218)",0
TETRADICA,"(154,115,119)","(101,140,136)","(18,134,17)",0
TETRADICA,"(185,184,243)","(70,71,12)","(49,181,223)",0
TETRADICA,"(243,27,213)","(12,228,42)","(107,113,142)",0
TETRADICA,"(245,52,218)","(10,203,37)","(109,2,105)",0
TETRADICA,"(246,48,131)","(9,207,124)","(110,209,72)",0
TETRADICA,"(165,85,248)","(90,170,7)","(29,52,51)",0
TETRADICA,"(71,194,161)","(184,61,94)","(191,193,102)",0
TETRADICA,"(79,20,241)","(176,235,14)","(199,38,20)",0
TETRADICA,"(54,201,82)","(201,54,173)","(174,89,188)",0
TETRADICA,"(7,42,198)","(248,213,57)","(127,210,94)",0
TETRADICA,"(132,227,46)","(123,28,209)","(252,251,17)",0
TETRADICA,"(7,238,98)","(248,17,157)","(127,247,174)",0
TETRADICA,"(230,132,242)","(25,123,13)","(94,135,110)",0
TETRADICA,"(252,96,171)","(3,159,84)","(116,160,244)",0
TETRADICA,"(46,122,60)","(209,133,195)","(166,159,93)",0
TETRADICA,"(199,83,142)","(56,172,113)","(63,158,231)",0
TETRADICA,"(170,0,162)","(85,255,93)","(34,219,37)",0
TETRADICA,"(0,97,227)","(255,158,28)","(120,1,156)",0
TETRADICA,"(104,170,126)","(151,85,129)","(224,183,114)",0
TETRADICA,"(0,211,189)","(255,44,66)","(120,84,17)",0
TETRADICA,"(118,232,113)","(137,23,142)","(238,218,138)",0
TETRADICA,"(144,215,217)","(111,40,38)","(8,2,101)",0
TETRADICA,"(35,31,128)","(220,224,127)","(155,37,29)",0
TETRADICA,"(68,218,38)","(187,37,217)","(188,133,161)",0
TETRADICA,"(96,74,182)","(159,181,73)","(216,231,77)",0
TETRADICA,"(51,28,154)","(204,227,101)","(171,8,6)",0
TETRADICA,"(204,237,101)","(51,18,154)","(68,118,148)",0
TETRADICA,"(175,151,231)","(80,104,24)","(39,28,199)",0
TETRADICA,"(115,212,43)","(140,43,212)","(235,141,227)",0
TETRADICA,"(6,176,42)","(249,79,213)","(126,62,11)",0
TETRADICA,"(1,162,146)","(254,93,109)","(121,26,161)",0
TETRADICA,"(146,40,143)","(109,215,112)","(10,36,152)",0
TETRADICA,"(232,124,179)","(23,131,76)","(96,47,163)",0
TETRADICA,"(121,252,74)","(134,3,181)","(241,72,133)",0
TETRADICA,"(251,144,100)","(4,111,155)","(115,232,248)",0
TETRADICA,"(61,140,251)","(194,115,4)","(181,110,194)",0
TETRADICA,"(18,121,227)","(237,134,28)","(138,251,174)",0
TETRADICA,"(249,133,238)","(6,122,17)","(113,23,67)",0
TETRADICA,"(253,110,37)","(2,145,218)","(117,162,229)",0
TETRADICA,"(75,118,80)","(180,137,175)","(195,10,196)",0
TETRADICA,"(106,33,199)","(149,222,56)","(226,83,88)",0
TETRADICA,"(83,246,217)","(172,9,38)","(203,210,159)",0
TETRADICA,"(214,152,223)","(41,103,32)","(78,132,131)",0
TETRADICA,"(247,91,177)","(8,164,78)","(111,174,43)",0
TETRADICA,"(151,232,38)","(104,23,217)","(15,113,141)",0
TETRADICA,"(195,227,62)","(60,28,193)","(59,105,203)",0
TETRADICA,"(185,115,140)","(70,140,115)","(49,242,50)",0
TETRADICA,"(186,203,26)","(69,52,229)","(50,113,33)",0
TETRADICA,"(129,234,209)","(126,21,46)","(249,52,120)",0
TETRADICA,"(49,143,204)","(206,112,51)","(169,119,162)",0
TETRADICA,"(63,156,40)","(192,99,215)","(183,97,110)",0
TETRADICA,"(24,32,53)","(231,223,202)","(144,192,229)",0
TETRADICA,"(220,254,75)","(35,1,180)","(84,84,226)",0
TETRADICA,"(10,247,21)","(245,8,234)","(130,142,47)",0
TETRADICA,"(208,122,18)","(47,133,237)","(72,230,87)",0
TETRADICA,"(177,238,6)","(78,17,249)","(41,131,35)",0
TETRADICA,"(246,14,228)","(9,241,27)","(110,103,93)",0
TETRADICA,"(243,4,53)","(12,251,202)","(107,182,69)",0
TETRADICA,"(76,160,53)","(179,95,202)","(196,153,18)",0
TETRADICA,"(155,162,108)","(100,93,147)","(19,207,87)",0
TETRADICA,"(163,199,10)","(92,56,245)","(27,179,83)",0
TETRADICA,"(142,111,254)","(113,144,1)","(6,176,199)",0
TETRADICA,"(212,47,37)","(43,208,218)","(76,30,95)",0
TETRADICA,"(123,251,23)","(132,4,232)","(243,87,208)",0
TETRADICA,"(229,135,123)","(26,120,132)","(93,214,67)",0
TETRADICA,"(77,86,14)","(178,169,241)","(197,124,238)",0
TETRADICA,"(132,250,81)","(123,5,174)","(252,120,127)",0
TETRADICA,"(239,21,31)","(16,234,224)","(103,251,222)",0
TETRADICA,"(64,190,109)","(191,65,146)","(184,119,229)",0
TETRADICA,"(181,248,81)","(74,7,174)","(45,41,13)",0
TETRADICA,"(60,186,75)","(195,69,180)","(180,246,115)",0
TETRADICA,"(241,79,98)","(14,176,157)","(105,10,95)",0
TETRADICA,"(189,64,113)","(66,191,142)","(53,41,27)",0
TETRADICA,"(92,116,156)","(163,139,99)","(212,22,1)",0
TETRADICA,"(59,173,219)","(196,82,36)","(179,216,194)",0
TETRADICA,"(22,102,92)","(233,153,163)","(142,178,196)",0
TETRADICA,"(222,70,35)","(33,185,220)","(86,65,143)",0
TETRADICA,"(210,212,150)","(45,43,105)","(74,250,145)",0
TETRADICA,"(242,234,69)","(13,21,186)","(106,108,255)",0
TETRADICA,"(44,205,0)","(211,50,255)","(164,122,244)",0
TETRADICA,"(133,239,219)","(122,16,36)","(253,134,158)",0
TETRADICA,"(223,34,227)","(32,221,28)","(87,7,47)",0
TETRADICA,"(84,229,42)","(171,26,213)","(204,134,131)",0
TETRADICA,"(165,155,79)","(90,100,176)","(29,170,92)",0
TETRADICA,"(112,47,45)","(143,208,210)","(232,249,70)",0
TETRADICA,"(216,13,188)","(39,242,67)","(80,153,38)",0
TETRADICA,"(254,190,241)","(1,65,14)","(118,158,92)",0
TETRADICA,"(197,169,208)","(58,86,47)","(61,224,111)",0
TETRADICA,"(213,203,111)","(42,52,144)","(77,53,187)",0
TETRADICA,"(2,71,103)","(253,184,152)","(122,137,178)",0
TETRADICA,"(132,132,208)","(123,123,47)","(252,196,120)",0
TETRADICA,"(246,228,106)","(9,27,149)","(110,25,254)",0
TETRADICA,"(228,95,84)","(27,160,171)","(92,17,14)",0
TETRADICA,"(172,157,77)","(83,98,178)","(36,222,39)",0
TETRADICA,"(50,37,63)","(205,218,192)","(170,8,137)",0
TETRADICA,"(151,145,109)","(104,110,146)","(15,4,125)",0
TETRADICA,"(41,224,44)","(214,31,211)","(161,224,73)",0
TETRADICA,"(67,52,21)","(188,203,234)","(187,113,64)",0
TETRADICA,"(94,136,109)","(161,119,146)","(214,218,32)",0
TETRADICA,"(66,252,107)","(189,3,148)","(186,69,26)",0
TETRADICA,"(48,182,247)","(207,73,8)","(168,125,86)",0
TETRADICA,"(203,236,9)","(52,19,246)","(67,167,40)",0
TETRADICA,"(36,89,216)","(219,166,39)","(156,33,197)",0
TETRADICA,"(217,25,195)","(38,230,60)","(81,111,233)",0
TETRADICA,"(61,144,250)","(194,111,5)","(181,244,46)",0
TETRADICA,"(105,81,41)","(150,174,214)","(225,77,232)",0
TETRADICA,"(245,190,135)","(10,65,120)","(109,127,22)",0
TETRADICA,"(136,51,78)","(119,204,177)","(0,66,99)",0
TETRADICA,"(188,231,31)","(67,24,224)","(52,180,4)",0
TETRADICA,"(152,28,229)","(103,227,26)","(16,49,92)",0
TETRADICA,"(218,109,41)","(37,146,214)","(82,247,251)",0
TETRADICA,"(102,17,118)","(153,238,137)","(222,142,87)",0
TETRADICA,"(251,90,125)","(4,165,130)","(115,4,94)",0
TETRADICA,"(173,147,129)","(82,108,126)","(37,179,196)",0
TETRADICA,"(202,251,52)","(53,4,203)","(66,39,97)",0
TETRADICA,"(253,192,120)","(2,63,135)","(117,84,134)",0
TETRADICA,"(214,244,183)","(41,11,72)","(78,6,95)",0
TETRADICA,"(5,149,218)","(250,106,37)","(125,44,169)",0
TETRADICA,"(140,78,255)","(115,177,0)","(4,28,175)",0
TETRADICA,"(126,147,3)","(129,108,252)","(246,140,183)",0
TETRADICA,"(31,245,103)","(224,10,152)","(151,208,109)",0
TETRADICA,"(14,158,254)","(241,97,1)","(134,12,43)",0
TETRADICA,"(2,236,108)","(253,19,147)","(122,201,239)",0
TETRADICA,"(144,81,112)","(111,174,143)","(8,138,4)",0
TETRADICA,"(53,61,206)","(202,194,49)","(173,75,252)",0
TETRADICA,"(157,170,239)","(98,85,16)","(21,219,82)",0
TETRADICA,"(146,60,50)","(109,195,205)","(10,87,62)",0
TETRADICA,"(114,242,30)","(141,13,225)","(234,17,94)",0
TETRADICA,"(201,53,189)","(54,202,66)","(65,63,26)",0
TETRADICA,"(37,92,187)","(218,163,68)","(157,182,198)",0
TETRADICA,"(155,44,215)","(100,211,40)","(19,67,25)",0
TETRADICA,"(29,55,149)","(226,200,106)","(149,120,94)",0
TETRADICA,"(182,22,186)","(73,233,69)","(46,87,162)",0
TETRADICA,"(196,33,54)","(59,222,201)","(60,60,68)",0
TETRADICA,"(109,185,56)","(146,70,199)","(229,254,45)",0
TETRADICA,"(39,107,231)","(216,148,24)","(159,124,208)",0
TETRADICA,"(151,243,133)","(104,12,122)","(15,129,170)",0
TETRADICA,"(246,161,88)","(9,94,167)","(110,100,218)",0
TETRADICA,"(130,86,126)","(125,169,129)","(250,186,59)",0
TETRADICA,"(119,123,159)","(136,132,96)","(239,203,108)",0
TETRADICA,"(54,52,18)","(201,203,237)","(174,68,204)",0
TETRADICA,"(106,58,36)","(149,197,219)","(226,0,25)",0
TETRADICA,"(221,168,97)","(34,87,158)","(85,38,103)",0
TETRADICA,"(153,199,170)","(102,56,85)","(17,209,119)",0
TETRADICA,"(111,197,135)","(144,58,120)","(231,134,111)",0
TETRADICA,"(192,62,171)","(63,193,84)","(56,250,43)",0
TETRADICA,"(60,39,65)","(195,216,190)","(180,28,175)",0
TETRADICA,"(17,130,92)","(238,125,163)","(137,146,110)",0
TETRADICA,"(70,32,155)","(185,223,100)","(190,22,77)",0
TETRADICA,"(226,103,209)","(29,152,46)","(90,2,100)",0
TETRADICA,"(120,237,247)","(135,18,8)","(240,5,28)",0
TETRADICA,"(91,140,85)","(164,115,170)","(211,197,178)",0
TETRADICA,"(3,66,63)","(252,189,192)","(123,248,48)",0
TETRADICA,"(234,87,9)","(21,168,246)","(98,223,247)",0
TETRADICA,"(1,12,158)","(254,243,97)","(121,91,121)",0
TETRADICA,"(140,208,183)","(115,47,72)","(4,78,168)",0
TETRADICA,"(88,82,169)","(167,173,86)","(208,55,42)",0
TETRADICA,"(255,0,0)","(0,255,255)","(0,0,255)",1
TETRADICA,"(0,255,0)","(255,0,255)","(255,255,0)",1
TETRADICA,"(255,165,0)","(0,255,165)","(255,0,165)",1
TETRADICA,"(0,255,165)","(165,0,255)","(255,165,0)",1
TETRADICA,"(0,0,255)","(255,255,0)","(255,0,255)",1
TETRADICA,"(255,255,0)","(0,255,255)","(255,0,0)",1
TETRADICA,"(255,0,255)","(0,255,0)","(255,255,0)",1
TETRADICA,"(165,0,255)","(0,255,165)","(255,165,0)",1
TETRADICA,"(0,165,255)","(165,255,0)","(255,0,165)",1
TETRADICA,"(255,165,0)","(0,255,165)","(0,165,255)",1
TETRADICA,"(0,255,0)","(255,0,255)","(0,0,255)",1
TETRADICA,"(255,0,0)","(0,255,255)","(255,255,0)",1
TETRADICA,"(0,0,255)","(255,255,0)","(0,255,255)",1
TETRADICA,"(0,255,255)","(255,0,0)","(0,0,255)",1
TETRADICA,"(0,165,255)","(255,165,0)","(165,0,255)",1
TETRADICA,"(255,0,165)","(0,165,255)","(165,255,0)",1
TETRADICA,"(165,255,0)","(0,165,255)","(255,0,165)",1
TETRADICA,"(255,0,255)","(0,255,0)","(0,0,255)",1
TETRADICA,"(255,0,0)","(0,255,255)","(0,0,255)",1
TETRADICA,"(0,255,0)","(255,0,255)","(0,0,255)",1
TETRADICA,"(255,165,0)","(0,165,255)","(255,0,165)",1
TETRADICA,"(0,165,255)","(255,165,0)","(0,255,165)",1
TETRADICA,"(0,0,255)","(255,255,0)","(0,255,255)",1
TETRADICA,"(255,255,0)","(0,0,255)","(255,0,255)",1
TETRADICA,"(255,0,255)","(0,255,0)","(255,255,0)",1
TETRADICA,"(165,0,255)","(255,0,165)","(0,255,165)",1
TETRADICA,"(0,255,165)","(255,165,0)","(165,0,255)",1
TETRADICA,"(255,165,0)","(165,255,0)","(0,165,255)",1
TETRADICA,"(0,255,0)","(255,0,0)","(0,0,255)",1
TETRADICA,"(0,255,255)","(255,255,0)","(0,0,255)",1
TETRADICA,"(0,0,255)","(255,0,255)","(0,255,255)",1
TETRADICA,"(0,255,0)","(255,0,255)","(255,255,0)",1
TETRADICA,"(255,255,0)","(0,0,255)","(255,0,255)",1
TETRADICA,"(0,165,255)","(255,165,0)","(0,255,165)",1
TETRADICA,"(0,0,255)","(0,255,255)","(255,255,0)",1
TETRADICA,"(0,255,255)","(255,0,0)","(255,255,0)",1
TETRADICA,"(255,0,165)","(165,255,0)","(0,165,255)",1
TETRADICA,"(165,255,0)","(255,0,165)","(0,255,165)",1
TETRADICA,"(255,0,255)","(0,0,255)","(255,255,0)",1
TETRADICA,"(255,0,0)","(0,0,255)","(255,255,0)",1
TETRADICA,"(255,165,0)","(0,255,165)","(0,165,255)",1
TETRADICA,"(0,165,255)","(165,0,255)","(255,165,0)",1
TETRADICA,"(0,0,255)","(0,255,255)","(255,255,0)",1
TETRADICA,"(255,255,0)","(0,0,255)","(0,255,255)",1
TETRADICA,"(255,0,255)","(0,255,0)","(0,0,255)",1
TETRADICA,"(0,255,165)","(165,255,0)","(255,0,165)",1
TETRADICA,"(255,165,0)","(0,255,165)","(255,0,165)",1
TETRADICA,"(0,255,0)","(255,0,255)","(255,255,0)",1
TETRADICA,"(0,0,255)","(255,0,0)","(0,255,255)",1
TETRADICA,"(0,255,255)","(255,0,0)","(255,255,0)",1
TETRADICA,"(255,255,0)","(0,0,255)","(0,255,255)",1

